{"count":1,"gauges":{},"self":40.5164384,"total":41.0372959,"children":{"AgentSendState":{"count":2001,"self":0.0338827,"total":0.0448879,"children":{"CollectObservations":{"count":401,"self":0.0100073,"total":0.0100073,"children":null},"CollectDiscreteActionMasks":{"count":401,"self":0.0009979,"total":0.0009979,"children":null}}},"DecideAction":{"count":2001,"self":0.4563042,"total":0.4563042,"children":null},"AgentAct":{"count":2001,"self":0.018692399999999998,"total":0.018692399999999998,"children":null}}}